<?xml version="1.0" encoding="UTF-8" ?>
<!DOCTYPE configuration
  PUBLIC "-//mybatis.org//DTD Config 3.0//EN"
  "http://mybatis.org/dtd/mybatis-3-config.dtd">
<!-- 根标签 -->
<configuration>
	
	<settings>
		 <setting name="mapUnderscoreToCamelCase" value="true"/>
	</settings>

   <typeAliases>
   		<package name="com.lanqiao.entity"/>
   		<package name="com.lanqiao.vo"/>
   </typeAliases>
   
   <mappers>
   		<mapper resource="mappers/CommentMapper.xml"/>
   		<mapper resource="mappers/ProductInfoMapper.xml"/>
   		<mapper resource="mappers/CategoryMapper.xml"/>
   		<mapper resource="mappers/OrdersMapper.xml"/>
   		<mapper resource="mappers/UserMapper.xml"/>
   		<mapper resource="mappers/ShoppingCartMapper.xml"/>
   		<mapper resource="mappers/AdminMapper.xml"/>
   </mappers>
</configuration>