<?xml version="1.0" encoding="UTF-8" ?>
<beans xmlns="http://www.springframework.org/schema/beans"
	xmlns:xsi="http://www.w3.org/2001/XMLSchema-instance" 
	xmlns:mvc="http://www.springframework.org/schema/mvc"
	xmlns:context="http://www.springframework.org/schema/context"
	xmlns:aop="http://www.springframework.org/schema/aop" 
	xmlns:tx="http://www.springframework.org/schema/tx"
	xsi:schemaLocation="http://www.springframework.org/schema/beans 
		http://www.springframework.org/schema/beans/spring-beans-4.3.xsd 
		http://www.springframework.org/schema/mvc 
		http://www.springframework.org/schema/mvc/spring-mvc-4.3.xsd 
		http://www.springframework.org/schema/context 
		http://www.springframework.org/schema/context/spring-context-4.3.xsd 
		http://www.springframework.org/schema/aop 
		http://www.springframework.org/schema/aop/spring-aop-4.3.xsd 
		http://www.springframework.org/schema/tx 
		http://www.springframework.org/schema/tx/spring-tx-4.3.xsd ">
		
		<!-- 加载配置文件 -->
		<context:property-placeholder location="classpath:db.properties"/>
		
		<!--  数据源配置 -->
		<bean id="dataSource" class="org.apache.tomcat.dbcp.dbcp2.BasicDataSource">
			<property name="driverClassName" value="${jdbc.driver}"/>
			<property name="url" value="${jdbc.url}"/>
			<property name="username" value="${jdbc.username}"/>
			<property name="password" value="${jdbc.password}"/>
		</bean>
		
		<!-- 让spring管理sqlsessionfactory 使用mybatis和spring整合包中的 -->
		<bean id="sqlSessionFactory" class="org.mybatis.spring.SqlSessionFactoryBean">
			<!-- 数据库连接池 -->
			<property name="dataSource" ref="dataSource" />
			<!-- 加载mybatis的全局配置文件 -->
			<property name="configLocation" value="classpath:mybatis.xml" />
		</bean>
		
		<!-- mapper扫描器 -->
		<bean class="org.mybatis.spring.mapper.MapperScannerConfigurer">
		 	<property name="basePackage" value="com.lanqiao.dao"></property>
			<property name="sqlSessionFactoryBeanName" value="sqlSessionFactory"/>
		</bean>
		
		
</beans>
