<beans xmlns="http://www.springframework.org/schema/beans"
	xmlns:xsi="http://www.w3.org/2001/XMLSchema-instance" xmlns:mvc="http://www.springframework.org/schema/mvc"
	xmlns:context="http://www.springframework.org/schema/context"
	xmlns:aop="http://www.springframework.org/schema/aop" xmlns:tx="http://www.springframework.org/schema/tx"
	xsi:schemaLocation="http://www.springframework.org/schema/beans 
		http://www.springframework.org/schema/beans/spring-beans-4.3.xsd 
		http://www.springframework.org/schema/mvc
		http://www.springframework.org/schema/mvc/spring-mvc-4.3.xsd 
		http://www.springframework.org/schema/context
		http://www.springframework.org/schema/context/spring-context-4.3.xsd 
		http://www.springframework.org/schema/aop 
		http://www.springframework.org/schema/aop/spring-aop-4.3.xsd 
		http://www.springframework.org/schema/tx 
		http://www.springframework.org/schema/tx/spring-tx-4.3.xsd ">


	<!-- 扫描controller注解,多个包中间使用半角逗号分隔 -->
	<context:component-scan base-package="com.lanqiao" />
	<mvc:annotation-driven />
	<!--注解映射器 <bean class="org.springframework.web.servlet.mvc.method.annotation.RequestMappingHandlerMapping"/> -->
	<!--注解适配器 <bean class="org.springframework.web.servlet.mvc.method.annotation.RequestMappingHandlerAdapter"/> -->
	<!-- 文件上传 -->
	<bean id="multipartResolver"
		class="org.springframework.web.multipart.commons.CommonsMultipartResolver">
		<!-- 设置上传文件的最大尺寸为5MB -->
		<property name="maxUploadSize">
			<value>5242880</value>
		</property>
	</bean>


</beans>