<?xml version="1.0" encoding="UTF-8"?>
<!DOCTYPE mapper
  PUBLIC "-//mybatis.org//DTD Mapper 3.0//EN"
  "http://mybatis.org/dtd/mybatis-3-mapper.dtd">
<!-- mapper:根标签，namespace：命名空间，随便写，一般保证命名空间唯一 -->
<mapper namespace="com.lanqiao.dao.AdminDao">
	
	<select id="queryAllAdmin" resultType="Admin">
		select  admin_name,admin_password,admin_mobile from admininfo
	</select>
	
	<select id="queryAdminById" resultType="Admin">
		select * from admininfo where admin_id=#{adminId}
	</select>
	
	<select id="queryAdminByName" resultType="Admin">
		select * from admininfo where admin_name=#{adminName}
	</select>
	
		<select id="queryAdminByMobile" resultType="Admin">
		select * from admininfo where admin_mobile=#{adminMobile}
	</select>
	
		<select id="queryAdminByPassword" resultType="Admin">
		select * from admininfo where admin_password=#{adminPassword}
	</select>
	
	<select id="query" resultType="Admin">
	SELECT * FROM admininfo WHERE admin_name=#{adminName} AND admin_password=#{adminPassword}
	</select>
	
	<insert id="addAdmin" parameterType="Admin">
		insert into admininfo values(null,#{adminName},#{adminPassword},#{adminMobile})
	</insert>
	
	<delete id="deleteAdmin">
		delete from admininfo where admin_id=#{adminId}
	</delete>
	
	<update id="updateAdmin" parameterType="Admin">
		update admininfo set admin_name=#{adminName},admin_password=#{adminPassword},admin_mobile=#{adminMobile} where admin_id=#{adminId}
	</update>
	
</mapper>