<?xml version="1.0" encoding="UTF-8"?>
<!DOCTYPE mapper
  PUBLIC "-//mybatis.org//DTD Mapper 3.0//EN"
  "http://mybatis.org/dtd/mybatis-3-mapper.dtd">
<mapper namespace="com.lanqiao.dao.CategoryDao">
  
   
  <select id="queryAllCategory" resultType="Category">
	select * from  category
  </select>
    
  <select id="queryCategoryById" resultType="Category">
  	select * from  category where category_id=#{category_id}
  </select>
  
  <select id="queryCategoryByParentId" resultType="Category">
  	select * from  category where category_parent_id=#{category_parent_id}
  </select>
  
  <insert id="addCategory"  parameterType="Category">
  	insert into category values(null,#{categoryName},#{categoryParentId})
  </insert>
  
  <delete id="deleteCategory">
  	delete from category where category_id=#{categoryId}
  </delete>
  	
  <update id="updateCategory" parameterType="Category">
  	update category set category_name=#{categoryName},
  						category_parent_id=#{categoryParentId} where category_id=#{categoryId}
  </update>
  
  <select id="queryAllId" resultType="Integer">
  	select c.category_id from category c
  </select>
  
  <select id="queryAllParentId" resultType="Integer">
  	select c.category_parent_id from category c
  </select>
  
</mapper>
  