<?xml version="1.0" encoding="UTF-8"?>
<!DOCTYPE mapper
  PUBLIC "-//mybatis.org//DTD Mapper 3.0//EN"
  "http://mybatis.org/dtd/mybatis-3-mapper.dtd">
<mapper namespace="com.lanqiao.dao.OrdersDao">


	<select id="queryAllOrders" resultType="OrderVoAdmin">
		select
		order_id,order_create_time,order_cost,order_status,order_quantity,user_nickname,user_address,user_mobile,p.product_id,product_name,product_price,product_picture,category_name,p.category_id,p.category_parent_id
		from category c JOIN productinfo p ON p.category_id=c.category_id JOIN
		orders o ON o.product_id=p.product_id JOIN userinfo u ON
		u.user_id=o.user_id
	</select>

	<select id="queryOrdersById" resultType="OrderVoAdmin">
		select
		order_id,order_create_time,order_cost,order_status,order_quantity,user_nickname,user_address,user_mobile,p.product_id,product_name,product_price,product_picture,category_name,p.category_id,p.category_parent_id
		from category c JOIN productinfo p ON p.category_id=c.category_id JOIN
		orders o ON o.product_id=p.product_id JOIN userinfo u ON
		u.user_id=o.user_id where order_id=#{order_id}
	</select>

	<select id="queryOrdersByUserId" resultType="OrderVoUser">
		select
		p.product_id,order_cost,order_id,order_create_time,order_status,order_quantity,product_description,product_price,product_picture
		from productinfo p JOIN orders o ON o.product_id=p.product_id where
		user_id=#{user_id}
	</select>

	<insert id="addOrders" parameterType="Orders">
		insert into orders
		values(null,#{userId},now(),#{orderCost},0,#{orderQuantity},#{productId})
	</insert>

	<delete id="deleteOrders">
		delete from orders where
		user_id=#{user_id} and order_id=#{order_id}
	</delete>

	<update id="updateOrders">
		update orders set order_status=#{order_status} where order_id=#{order_id}
	</update>

	<select id="queryOrderQuantity" resultType="int">
		select order_quantity
		from orders where order_id=#{orderId}
	</select>

	<select id="queryProductId" resultType="int">
		select product_id from
		orders where order_id=#{orderId}
	</select>

	<select id="queryProductMsgByPD" resultType="OrderVoUser">
		SELECT
		p.product_id,
		order_cost,
		order_id,
		order_create_time,
		order_status,
		order_quantity,
		product_description,
		product_price,
		product_picture
		FROM
		productinfo p
		JOIN orders o ON o.product_id = p.product_id
		WHERE
		product_description like '%${productDescription}%'
	</select>
</mapper>