<?xml version="1.0" encoding="UTF-8" ?>
<!DOCTYPE mapper
  PUBLIC "-//mybatis.org//DTD Mapper 3.0//EN"
  "http://mybatis.org/dtd/mybatis-3-mapper.dtd">
<mapper namespace="com.lanqiao.dao.ProductInfoDao">
	<select id="queryPriceByProductId" resultType="double">
		select product_price from productinfo where product_id=#{productId}
	</select>

	<select id="queryAllProduct" resultType="ProductInfo">
		select * from
		productinfo
	</select>

	<select id="queryProductById" resultType="ProductInfo">
		select * from
		productinfo where product_id=#{productId}
	</select>

	<select id="queryProductByType" resultType="ProductInfo">
		select * from
		productinfo where category_id=#{categoryId}
	</select>

	<select id="queryProductByParentType" resultType="ProductInfo">
		select * from
		productinfo where category_parent_id=#{categoryParentId}
	</select>

	<insert id="addProduct" parameterType="ProductInfo"
		useGeneratedKeys="true" keyColumn="product_id" keyProperty="productId">
		insert into
		productinfo
		values(null,#{productName},#{productDescription},#{productPrice},#{productStock},#{categoryId},#{categoryParentId},#{productPicture})
	</insert>

	<delete id="deleteProduct">
		delete from productinfo where product_id=#{productId}
	</delete>

	<update id="updateProduct" parameterType="ProductInfo">
		update productinfo set
		product_name=#{productName},
		product_description=#{productDescription},
		product_price=#{productPrice},
		product_stock=#{productStock},
		category_id=#{categoryId},
		category_parent_id=#{categoryParentId},
		product_picture=#{productPicture} where product_id=#{productId}
	</update>

	<select id="queryAllCategoryId" resultType="ProductInfo">
		SELECT DISTINCT
		p.category_id from productinfo p
	</select>
	<select id="queryProductStock" resultType="int">
		select product_stock
		from productinfo where product_id=#{productId}
	</select>

	<update id="reduceProductStock">
		update productinfo set
		product_stock=product_stock-#{orderQuantity} where
		product_id=#{productId}
	</update>

	<update id="addProductStock">
		update productinfo set
		product_stock=product_stock+#{orderQuantity} where
		product_id=#{productId}
	</update>
</mapper>
