<?xml version="1.0" encoding="UTF-8" ?>
<!DOCTYPE mapper
  PUBLIC "-//mybatis.org//DTD Mapper 3.0//EN"
  "http://mybatis.org/dtd/mybatis-3-mapper.dtd">
<!-- mapper:根标签，namespace：命名空间，随便写，一般保证命名空间唯一 -->
<mapper namespace="com.lanqiao.dao.ShoppingCartDao">

	<select id="getAll" resultType="shoppingCart">
		select * from shoppingcart
	</select>

	<insert id="insertCart" parameterType="shoppingCart">
		insert into shoppingcart
		VALUES (null,#{userId},#{productId},#{orderQuantity},#{productPrice},#{sum})
	</insert>

	<select id="getByUserId" resultType="shoppingProductVO">
		SELECT
		s.order_quantity proNum,
		s.product_price proPrice,
		s.userid,
		s.sum,
		p.product_description info,
		p.product_name proName,
		p.product_picture img,
		s.product_id protId,
		p.product_stock proStock
		FROM
		shoppingcart s
		LEFT JOIN productinfo p ON s.product_id = p.product_id
		WHERE
		s.userid = #{userId}
	</select>

	<update id="update">
		update shoppingcart set order_quantity =
		#{orderQuantity} where product_id=#{productId} and userid=#{userId}
	</update>
	<delete id="delete">
		DELETE from shoppingcart where userid=#{userId} and product_id=#{productId}
	</delete>


</mapper>