<?xml version="1.0" encoding="UTF-8" ?>
<!DOCTYPE mapper
  PUBLIC "-//mybatis.org//DTD Mapper 3.0//EN"
  "http://mybatis.org/dtd/mybatis-3-mapper.dtd">
<!-- mapper:根标签，namespace：命名空间，随便写，一般保证命名空间唯一 -->
<mapper namespace="com.lanqiao.dao.UserDao">
	<select id="login" resultType="user">
		select * from UserInfo where
		user_name = #{userName} and user_password = #{passWord}
	</select>
	<select id="findByUsername" resultType="user">
		select * from UserInfo
		where user_name = #{userName}
	</select>
	<insert id="register" parameterType="user">
		INSERT INTO UserInfo VALUES
		(null,#{userName},#{passWord},#{userSex},#{userMobile},#{userAddress},#{userEmail},#{userNickName})
	</insert>
	<select id="userNameTest" resultType="user">
		select * from UserInfo
		where user_name = #{userName}
	</select>
	<select id="userMobileTest" resultType="user">
		select * from UserInfo
		where user_mobile = #{userMobile}
	</select>
	<select id="userEmailTest" resultType="user">
		select * from UserInfo
		where user_email = #{userEmail}
	</select>
	<select id="userNickNameTest" resultType="user">
		select * from UserInfo
		where user_nickname = #{userNickName}
	</select>
	<select id="GainNameId" resultType="user">
	select user_id,user_nickname from  UserInfo where user_name =#{userName}
	</select>
</mapper>